<?xml version="1.0" encoding="UTF-8"?>
<project-private xmlns="http://www.netbeans.org/ns/project-private/1">
    <editor-bookmarks xmlns="http://www.netbeans.org/ns/editor-bookmarks/2" lastBookmarkId="0"/>
    <open-files xmlns="http://www.netbeans.org/ns/projectui-open-files/2">
        <group>
            <file>file:/C:/Users/Ezko/Desktop/Estudio/Semestre%204/DDA/Obligatorios/Bingo/Bingo/src/clases/Administrador.java</file>
            <file>file:/C:/Users/Ezko/Desktop/Estudio/Semestre%204/DDA/Obligatorios/Bingo/Bingo/src/clases/Config.java</file>
            <file>file:/C:/Users/Ezko/Desktop/Estudio/Semestre%204/DDA/Obligatorios/Bingo/Bingo/src/clases/User.java</file>
        </group>
    </open-files>
</project-private>
